codigo;produto
2045;IRBESARTANA 300MG COMP  
2050;ISOCONAZOL 10MG/G-40G BG VAG
2054;ISOFLURANO 100ML FR INAL
2056;ISONIAZIDA 100MG COMP 
2058;ISOPRENALINA 0,2MG/ML-1ML AMP IM/IV(MANIPULADO)
2059;ISOSSORBIDA DINITRATO 10MG COMP
2060;ISORDIL 10MG COMP-ISOSSORBIDA DINITRATO
2063;ISOSSORBIDA MONONITRATO 10MG/ML-1ML AMP IV
2069;ISOSSORBIDA MONONITRATO 50MG CAPS LIB PROL  
2071;ISOXSUPRINA 10MG COMP
2072;ISOXSUPRINA 5MG/ML-2ML FR/AMP IM/IV
2335;HOMATROPINA/HIOSCIAMINA/DIPIRONA/ESCOPOLAMINA 15ML FR GTS
2342;METILFENIDATO 10MG COMP
2343;RITALINA 10MG COMP-METILFENIDATO
2346;METILNALTREXONA 20MG/ML-0,6ML FR/AMP SC
2349;METILPREDNISOLONA ACETATO 40MG/ML-2ML FR/AMP IM/IA
2354;METILPREDNISOLONA SUCCINATO SOD 500MG FR/AMP IM/IV
2357;METOCLOPRAMIDA/SIMETICONA/PEPSINA 7/40/50MG CAPS GEL
2361;METOCLOPRAMIDA 4MG/ML-10ML FR GTS
1909;HIDROXIETILAMIDO/CLORETO SODIO 6%-500ML SF IV
1910;VOLUVEN 6%-500ML BOLSA SF IV-HIDROXIETILAMIDO/CLOR SODIO
1911;CERUMIN 8ML FR OTO-HIDROXIQUINOLINA/TROLAMINA
1912;HIDROXIQUINOLINA/TROLAMINA 8ML FR OTO
1913;HYDREA 500MG CAPS GEL-HIDROXIUREIA
1921;HIPROMELOSE 1,5ML FR OFTAL
1925;HIPROMELOSE 3MG/ML-10ML FR OFTAL
1931;DALSY 20MG/ML-100ML FR SUSP-IBUPROFENO
1932;IBUPROFENO 300MG COMP 
1933;ARFEN 400MG-3ML AMP IM-IBUPROFENO
1938;IBUPROFENO 50MG/ML-30ML FR GTS
1940;IBUPROFENO 600MG COMP
2919;ACCUVIT COMP REV-POLIVITAMINICO/POLIMINERAL
2925;FRUTOVITAM 10ML AMP-POLIVITAMINICO
2927;NORIPURUM VITAMINADO 132MG COMP-POLIVITAMINICO
2928;FRUTOPLEX 20ML AMP IV-POLIVITAMINICO
2933;MATERNA COMP REV-POLIVITAMINICO
2937;FORTEN 10ML FR GTS-POLIVITAMINICO
2940;PRAMIPEXOL 0,125MG COMP
2942;PRAMIPEXOL 0,250MG COMP
2946;PRAMIPEXOL 1MG COMP 
2951;PRAVACOL 20MG COMP-PRAVASTATINA
2954;MINIPRESS SR 2MG COMP LIB PROL-PRAZOSINA
2955;MINIPRESS SR 4MG COMP-PRAZOSINA
2957;PRED FORT 10MG/ML-5ML FR OFTAL-PREDNISOLONA/BENZALCONIO
2958;PREDNISOLONA ACETATO 1,2MG/ML-10ML FR OFTAL
2965;PREDNISOLONA FOSF SOD 20MG COMP 
2966;PREDNISOLONA FOSF SOD 3MG/ML-100ML FR SOL
2975;PREDNISONA 5MG COMP
2977;PREGABALINA 150MG CAPS GEL
2982;PROGESTERONA 100MG CAPS GEL
2984;PROGESTERONA 200MG CAPS GEL 
2986;FENERGAN 0,02G/G-30G BG CREM TOP-PROMETAZINA
2988;PROMETAZINA 25MG/ML-2ML AMP IM
2991;FENERGAN 25MG COMP REV-PROMETAZINA
3028;PROTETOR SOLAR LOCAO FPS 30 120ML FR
3031;RESOLOR 1MG COMP REV-PRUCALOPRIDA
3040;SEROQUEL 25MG COMP REV-QUETIAPINA
3041;QUETIAPINA 300MG COMP REV LIB PROL
3047;QUINICARDINE 200MG COMP-QUINIDINA
3052;PARIET 20MG COMP-RABEPRAZOL
3057;EVISTA 60MG COMP-RALOXIFENO
3059;NAPRIX A 5MG/5MG COMP-RAMIPIRIL/ANLODIPINO
3060;NAPRIX A 10/5MG CAPS-RAMIPRIL/ANLODIPINO
3069;RANITIDINA 15MG/ML-120ML FR XPE
3072;ANTAK 25MG/ML-2ML AMP IV-RANITIDINA
3073;RANITIDINA 300MG COMP 
3074;ANTAK 300MG COMP-RANITIDINA
3075;FASTURTEC 1,5MG FR/AMP-RASBURICASE
3062;RAMIPRIL 2,5MG COMP 
3079;REPAGLINIDA 1MG COMP
3080;NOVONORM 1MG COMP-REPAGLINIDA
3081;REPAGLINIDA 2MG COMP
2630;LIPOVENOS MCT 50/50/25MG/ML-500ML FR-OL SOJA/TCM/GLICEROL
2639;OLEO SOJA/TCM 20%-500ML FR
2645;BENICAR HCT 20/12,5MG COMP REV-OLMESARTANA/HCTZ
2650;OLMESARTANA 40MG COMP REV
2659;OMEPRAZOL 10MG CAPS GEL
2669;VONAU 2MG/ML-4ML AMP IV-ONDANSETRONA
2672;ONDANSETRONA 4MG COMP
2677;ORFENADRINA/DIPIRONA/CAFEINA 35/300/50MG COMP  
625;CAPOTEN 50MG COMP-CAPTOPRIL
626;OPHTCOL 0,1MG/ML-2ML FR/AMP OFTAL-CARBACOL
628;CARBAMAZEPINA 200MG COMP LIB PROL
629;CARBAMAZEPINA 200MG COMP
633;CARBAMAZEPINA 400MG COMP
635;CARBIDOPA/LEVODOPA 50/200MG COMP
636;CARBIDOPA/LEVODOPA 25/250MG COMP 
637;CARBOCISTEINA 50MG/ML-100ML FR
654;CARBONATO LITIO 450MG COMP
655;CARBOLITIUM CR 450MG COMP-CARBONATO LITIO
658;CARBOXIMETILCELULOSE(CARMELOSE)10MG/ML-15ML FR OFTAL
659;FRESH TEARS 10MG/ML-15ML FR OFTAL-CMC(CARMELOSE)
675;CARVEDILOL 6,25MG COMP
677;CANCIDAS 50MG FR/AMP IV-CASPOFUNGINA
678;CANCIDAS 70MG FR/AMP IV-CASPOFUNGINA
687;CEFADROXILA 500MG CAPS GEL
695;CEFAZOLINA 1000MG FR/AMP IV
712;ZINNAT 250MG/5ML-70ML FR-CEFUROXIMA
714;CEFUROXIMA 500MG COMP
715;ZINNAT 500MG COMP REV-CEFUROXIMA
716;CEFUROXIMA 750MG FR/AMP IV/IM
718;CELEBRA 100MG CAPS-CELECOXIBE
719;CELEBRA 200MG CAPS-CELECOXIBE
1;ORENCIA 250MG FR/AMP IV-ABATACEPTE
6;ACARBOSE 50MG COMP
7;GLUCOBAY 50MG COMP-ACARBOSE
8;ACEBROFILINA 50MG/5ML-120ML FR XPE
23;ACETILCISTEINA 100MG/ML(10%)-3ML AMP IV
30;ACETILCISTEINA 40MG/ML-120ML FR XPE
33;ACETILCISTEINA 600MG ENV 
41;ACICLOVIR 250MG FR/AMP IV
50;ACIDO ACETILSALICILICO TAMPONADO 325MG COMP REV
51;SOMALGIN CARDIO 325MG COMP REV-ACIDO ACETILSALICILICO
58;ACIDO ACETILSALICILICO 100MG COMP
61;ACIDO ACETILSALICILICO 500MG COMP
62;AAS 500MG COMP-ACIDO ACETILSALICILICO
63;ACIDO ACETILSALICILICO TAMPONADO 81MG COMP
64;BUFFERIN CARDIO 81MG COMP TAMPONADO-ACIDO ACETILSALICILICO
83;ACIDO FUSIDICO 20MG/G-15G BG CREM TOP
84;VERUTEX 20MG/G-15G BG CREM TOP-ACIDO FUSIDICO
93;PONSTAN 500G COMP-ACIDO MEFENAMICO
95;MYFORTIC 360MG COMP REV-MICOFENOLATO SODIO
96;ACIDO MUCOPOLISSACARIDEO POLISSULFURICO 3MG/G-40G BG GEL
104;ACIDO POLIACRILICO 3MG/G(0,3%)-10G BG GEL OFTAL
107;ACIDO POLIACRILICO 2MG/G-10G TB GEL TOP
108;THIOCTACID 600MG COMP-ACIDO TIOCTICO
111;ACIDO TRANEXAMICO 50MG/ML-5ML AMP IV
116;URSACOL 300MG COMP-ACIDO URSODESOXICOLICO
117;URSACOL 50MG COMP-ACIDO URSODESOXICOLICO
122;ACIDO VALPROICO 500MG COMP
123;DEPAKENE 500MG COMP-ACIDO VALPROICO
124;ACLASTA 50MCG/ML-100ML FR-ACIDO ZOLEDRONICO
125;ZOMETA 4MG-5ML FR/AMP IV-ACIDO ZOLEDRONICO
127;ADENOSINA 3MG/ML-2ML AMP IV
130;AGE/ASSOCIACOES HIDRATANTE 200ML FR TOP
131;AGE/ASSOCIACOES HIDRATANTE 20ML FR TOP
136;AGE/ASSOCIACOES OLEO 30ML FR TOP
139;VALDOXAN 25MG COMP-AGOMELATINA
141;AGUA BORICADA 3%-100ML FR TOP
151;DIPEPTIVEN 200MG/ML-50ML FR IV-ALANIL GLUTAMINA
155;ZENTEL 400MG COMP MAST-ALBENDAZOL
157;ZENTEL 40MG/ML-10ML FR ORAL-ALBENDAZOL
158;ALBUMINA HUMANA 200MG/ML(20%)-50ML BOLSA IV
163;ALCOOL ETILICO 70%-50ML FR
167;ALCOOL ETILICO GLICERINADO 2%-1000ML FR
170;ALENDRONATO SODIO 10MG COMP
171;ALENDRONATO SODIO 70MG COMP
176;ERITROPOETINA 10000UI/ML-1ML FR/AMP IV
177;ERITROPOETINA 40000UI/ML-1ML SER IV/SC
178;ERITROPOETINA 4000UI/ML-1ML FR/AMP IV
180;NOVOSEVEN 50KUI(1MG) AMP IV-ALFAEPTACOGUE ATIVADO
189;XATRAL OD 10MG COMP-ALFUZOSINA
191;RASILEZ 300MG COMP REV-ALISQUIRENO
195;ALOPURINOL 100MG COMP 
197;ALOPURINOL 300MG COMP
202;ALPRAZOLAM 0,5MG COMP
208;ALPRAZOLAM 2MG COMP
213;BEDFORDALPROST 500MCG/ML-1ML AMP IV-ALPROSTADIL
226;MODURETIC 2,5/25MG COMP-AMILORIDA/HIDROCLOROTIAZIDA
230;AMINOFILINA 100MG COMP
231;AMINOFILINA 200MG COMP
239;ANCORON 200MG COMP-AMIODARONA
265;AMOXICILINA 250MG/5ML-150ML FR SUSP
267;AMOXICILINA 500MG CAPS
268;AMOXIL 500MG CAPS-AMOXICILINA
272;AMOXIL 125MG/5ML-150ML FR-AMOXICILINA
283;ANASTROZOL 1MG COMP
286;ANFOTERICINA B 50MG FR/AMP IV
287;ABELCET 5MG/ML-20ML FR/AMP IV-ANFOTERICINA COMPLEXO LIP
288;ECALTA 100MG FR/AMP IV-ANIDULAFUNGINA
289;BETALOR 5/25MG CAPS-ANLODIPINO/ATENOLOL
294;LOTAR 2,5/50MG CAPS GEL-ANLODIPINO/LOSARTANA
296;ANLODIPINO/ENALAPRIL 5/10MG CAPS
297;SINERGEN 5/10MG CAPS-ANLODIPINO/ENALAPRIL
301;LOTAR 5/100MG CAPS GEL-ANLODIPINO/LOSARTANA
307;ANLODIPINO 5MG COMP
317;REYATAZ 150MG CAPS GEL DURA-ATAZANAVIR
328;ATENOLOL 50MG COMP
332;ATORVASTATINA 20MG COMP REV
346;ATROPINA 10MG/ML-5ML FR OFTAL
333;LIPITOR 20MG COMP REV-ATORVASTATINA
359;AZTREONAN 1000MG FR/AMP IV
360;AZACTAM 1000MG FR/AMP IV-AZTREONAN
362;AZUL METILENO 40MG/ML(4%)-5ML FR/AMP SC(MANIPULADO)
365;BACLOFENO 10MG COMP
374;BECLOMETASONA DIPROP 200MCG-60CAPS INAL
377;BECLOMETASONA DIPROP 400MCG-60CAPS INAL
379;BENCICLANO 100MG COMP REV
380;MILGAMMA 150MG DRG-BENFOTIAMINA
383;BENZIDAMINA 1,5MG/ML-30ML FR AER
385;FLOGORAL 1,5ML-150ML FR COLUTORIO-BENZIDAMINA
389;BENZIDAMINA 53,2MG/G-9,4G ENV VAG-FLOGO ROSA
392;BENZILPENICILINA BENZATINA 1200000UI/4ML FR/AMP IM
402;BENZOATO SODIO/TRICLOSANA/MENTOL 43G TB SPR TOP
405;ANDOLBA 12/1MG-43G FR TOP-BENZ/MENTOL/TROICLOZANA
410;BETAISTINA 16MG COMP
411;LABIRIN 16MG COMP-BETAISTINA
412;BETAISTINA 24MG COMP
421;BETAMETASONA DIP/GENTAMICINA 0,64/1MG/G-30G BG CREM TOP
422;BETAMETASONA DIP/BETAMETASONA FOSF DIS 5/2MG-1ML AMP IM
425;DIPROSPAN 5/2MG/ML-1ML AMP IM-BETAMETASONA DIP/FOSF DIS
430;GARASONE 1/3MG/ML-10ML FR OFTAL-BETAMETASONA DIP/GENTAMICINA
432;QUADRIDERM 20G BG POM TOP-BETAMET/GENT /TOLNAF/ CLIOQ
437;BETAMETASONA VAL 1MG/G-30G BG CREM TOP
440;BETAMETASONA VAL 1MG/G-50ML FR TOP
448;BETAXOLOL 5MG/ML-5ML FR OFTAL
455;BICALUTAMIDA 50MG COMP REV
456;CASODEX 50MG COMP REV-BICALUTAMIDA
460;BICARBONATO SODIO 1G/G-100G PT
464;BIMATOPROSTA/TIMOLOL 0,3/5MG/ML-3ML FR OFTAL
465;GANFORT 0,3/5,0MG/ML-3ML FR OFTAL-BIMATOPROSTA/TIMOLOL
466;BIMATOPROSTA 0,3MG/ML-3ML FR OFTAL
474;AKINETON 4MG COMP-BIPERIDENO
475;BISACODIL/DOCUSATO 5/60MG COMP
482;BICONCOR 2,5/6,25MG COMP-BISOPROLOL/HIDROCLOROTIAZIDA
483;BICONCOR 5/6,25MG COMP-BISOPROLOL/HIDROCLOROTIAZIDA
490;BISOPROLOL 5MG COMP
491;CONCOR 5MG COMP-BISOPROLOL
494;COMBIGAN 2/5MG/ML-10ML FR OFTAL-BRIMONIDINA/TIMOLOL
499;BRIMONIDINA 2MG/ML-5ML FR OFTAL
504;BROMAZEPAM 3MG COMP 
512;BROMEXINA 1,6MG/ML-120ML FR XPE
521;BROMOPRIDA 1MG/ML-120ML FR
523;BROMOPRIDA 4MG/ML-20ML FR GTS
525;BROMOPRIDA 5MG/ML-2ML AMP IV/IM
527;BUCLINA 25MG COMP-BUCLIZINA
513;BISOLVON 1,6MG/ML-120ML FR-BROMEXINA
535;BUDESONIDA 100MCG-120DOSES FR SPR INAL
544;BUDESONIDA 100MCG-200DOSES FR AER C/INAL
545;BUDESONIDA 0,02 MG/ML-115ML FR ENEMA RETAL C/ COMP
546;BUDESONIDA 32MCG-120DOSES FR AER S/INAL
548;BUDESONIDA 400MCG-60CAPS S/INAL
554;BUDECORT AQUA 32MCG-120DOSES FR SPR INAL-BUDESONIDA
557;BURINAX 1MG COMP-BUMETANIDA
562;BUPIVACAINA 2,5MG/ML(0,25%)-20ML FR/AMP IV
572;BUPROPIONA 150MG COMP
574;BUSPIRONA 5MG COMP
579;CABERGOLINA 0,5MG COMP
580;DOSTINEX 0,5MG COMP-CABERGOLINA
582;CAFEINA/DIPIRONA/ISOMETEPTENO 30/300/30MG DRG
586;CAFEINA ANIDRA 10MG/ML-25ML FR(MANIPULADO)
588;CAFEINA ANIDRA 10MG/ML-50ML FR(MANIPULADO)
591;CAFEINA CITRATO 10MG/ML-10ML FR(MANIPULADO)
595;CAFEINA CITRATO 10MG/ML-50ML FR(MANIPULADO)
585;CAFEINA ANIDRA 10MG/ML-100ML FR(MANIPULADO)
601;MIACALCIC 200UI-14DOSE FR SPR-CALCITONINA
605;CAMBEM 180MG COMP-CAMBENDAZOL
606;CANDESARTANA/ HIDROCLOROTIAZIDA 16/12,5MG COMP
607;ATACAND HCT 8/12,5MG COMP-CANDESARTANA/HCTZ
615;XELODA 150MG COMP-CAPECITABINA
616;XELODA 500MG COMP-CAPECITABINA
621;CAPTOPRIL 1MG/ML-100ML FR(MANIPULADO)
1681;FOSFATO TRICALCICO 12,9%-50ML FR(MANIPULADO)
1682;FOSFATO TRICALCICO 12,9%-60ML FR(MANIPULADO)
1683;FOSFATO TRICALCICO 12,9%-80ML FR(MANIPULADO)
1705;GABAPENTINA 300MG CAPS
1707;GABAPENTINA 400MG CAPS 
1711;OPTIMARK 330,9MG/ML-10ML FR/AMP IV-GADOVERSETAMIDA
1712;OPTIMARK 330,9MG/ML-15ML FR/AMP IV-GADOVERSETAMIDA
1106;DESLORATADINA 5MG COMP
1107;DESALEX 5MG COMP REV-DESLORATADINA
1113;CERAZETTE 75MCG COMP REV-DESOGESTREL
1115;DESONIDA 0,5MG/G-30G BG CREM TOP
1118;DESONIDA 0,5MG/G-60G FR LOCAO TOP
1120;PRISTIQ 50MG COMP REV-DESVENLAFAXINA
1123;DEXAMETASONA/NISTATINA/NEOMICINA 60G BG CREM VAG
1125;DEXAMETASONA ACETATO/ FOSFATO DIS 8/2MG/ML-2ML FR/AMP IM/IA
1127;DEXAMETASONA ACETATO 1MG/G-10G BG CREM TOP
1129;DEXAMETASONA ACETATO 8MG/ML-2ML FR/AMP IV
1130;DEXAMETASONA FOSFATO DIS/NEOMICINA 1/3,5MG/ML-5ML FR OFTAL
1132;DEXAMETASONA/NEOMICINA/FENILEFRINA 0,6/5/5MG/ML-20ML FR INAL
1134;MAXITROL 1MG/5MG/6000UI/ML-5ML FR OFTAL-DEX/NEO/POLI B
1137;DEXAMETASONA FOSFATO 4MG/ML-2,5ML AMP IV/IM
1714;OPTIMARK 330,9MG/ML-30ML SER PREEN IV-GADOVERSETAMIDA
1715;REMINYL ER 16MG CAPS LIB PROL-GALANTAMINA
1716;REMINYL ER 24MG CAPS LIB PROL-GALANTAMINA 
1717;REMINYL ER 8MG CAPS GEL LIB PROL-GALANTAMINA 
1721;ZYMAR 3MG/ML-5ML FR OFTAL-GATIFLOXACINO
1727;FLOSEAL KIT 5ML FR/AMP-GELATINA/TROMBINA
1730;LOPID 600MG COMP REV-GENFIBROZILA
1731;GENFIBROZILA 600MG COMP REV   
1734;GARAMICINA 160MG-2ML AMP IV-GENTAMICINA
1740;GARAMICINA 280MG-2ML AMP IV/IM-GENTAMICINA
1742;GENTAMICINA 60MG-1,5ML AMP IV/IM
1743;GARAMICINA 60MG-1,5ML AMP IV/IM-GENTAMICINA
1745;GARAMICINA 80MG-2ML AMP IV/IM-GENTAMICINA
1068;CROMOGLICATO SODIO 2%-5ML OFTAL
1069;CROMOGLICATO SODIO 4%-13ML FR INAL
1070;CROMOGLICATO SODIO 4%-5ML OFTAL
1084;ENABLEX 15MG COMP LIB CONT-DARIFENACINA
1086;DARIFENACINA 7,5MG COMP REV
1087;PREZISTA 300MG COMP REV-DARUNAVIR
1089;DEFLAZACORTE 30MG COMP 
1091;DEFLAZACORTE 6MG COMP
1095;HIPERTIL 30/10MG COMP-DELAPRIL/MANIDIPINO
1096;DELTAMETRINA 0,2MG/ML-100ML FR LOCAO
1103;DESALEX 0,5MG/ML-100ML FR XPE-DESLORATADINA
1141;DEXAMETASONA 0,1MG/ML-120ML FR ELIXIR
1142;DECADRON 0,1MG/ML-120ML FR ELIXIR-DEXAMETASONA
1143;DEXAMETASONA 0,5MG COMP
1144;DECADRON 0,5MG COMP-DEXAMETASONA
1145;DEXAMETASONA 0,75MG COMP
1146;DECADRON 0,75MG COMP-DEXAMETASONA
1151;DEXAMETASONA 4MG COMP 
1153;CELESTAMINE 0,25/2MG COMP-DEXCLORFENIRA/BETAMETASONA
1155;DEXCLORFENIRAMINA/BETAMETASONA 120ML FR XPE
1159;DEXCLORFENIRAMINA 0,4MG/ML-120ML FR XPE
1161;DEXCLORFENIRAMINA 2MG COMP
1165;DEXPANTENOL 50MG/G-10G BG GEL OFTAL
1167;EPITEGEL 50MG/G 10G BG GEL OFTAL-DEXPANTENOL
1170;DEXPANTENOL 50MG/ML-50ML FR TOP
1752;GINKGO BILOBA 80MG COMP REV
1755;GLUCOVANCE 250/1,25MG COMP REV-GLIBENCLAM/METFORMINA
1756;GLIBENCLAMIDA/METFORMINA 500/2,5MG COMP REV 
1758;GLUCOVANCE 500/5MG COMP REV-GLIBENCLAM/METFORMINA
1759;GLIBENCLAMIDA 5MG COMP
1760;DAONIL 5MG COMP-GLIBENCLAMIDA
1747;GESTODENO/ETINILESTRADIOL 30/75MCG DRG
1765;GLICERINA/CARBOXIMETILCELUSOSE(CARMELOSE)15ML FR OFTAL
1768;GLICERINA 100ML FR TOP
1064;CALMAN 100/30/100MG COMP REV-PASSIFLORA/ASSOCIACOES
1067;CROMOGLICATO SODIO 2%-15ML FR INAL
2388;METRONIDAZOL 250MG COMP 
2387;FLAGYL 100MG/G-50G BG GEL VAG-METRONIDAZOL
2409;MICONAZOL/TINIDAZOL 20/30MG/G-80G BG CREM TOP
2418;MIDAZOLAM 2MG/ML-10ML FR GTS
2419;MIDAZOLAM 5MG/ML-10ML AMP IM/IV
2420;MIDAZOLAM 5MG/ML-3ML AMP IM/IV
2082;LACTOBACILLUS CASEI 1G ENV 
2090;LAMIVUDINA 150MG COMP REV 
2046;APROVEL 300MG COMP-IRBESARTANA
2098;LAMOTRIGINA 50MG COMP DISP
2106;LATANOPROSTA 50MCG/ML-2,5ML FR OFTAL
2114;L-CARNITINA 70MG/ML-100ML FR(MANIPULADO)
2371;METOPROLOL TART 100MG COMP 
2372;SELOKEN 100MG COMP-METOPROLOL TART
2377;METOTREXATO 2,5MG COMP 
2379;METOTREXATO 25MG/ML-2ML FR/AMP IV
2382;FLAGYL NISTATINA 50G BG CREM-METRONIDAZOL/NISTATINA
2385;COLPISTATIN 40G BG CREM VAG-METRONIDAZOL/NISTATATINA/BENZALC
2678;DORFLEX 35/300/50MG COMP-ORFENADRINA/DIPIRONA/CAFEINA
2679;ORLISTATE 120MG CAPS GEL 
2681;HEPA MERZ 5G/ML-10ML AMP-ORNITINA ASPARTATO
2682;ORYSA SATIVA 600MG CAPS GEL 
1949;IMIPRAMINA 25MG COMP REV 
1950;TOFRANIL 25MG COMP REV-IMIPRAMINA
1953;IMUNOGLOBULINA ANTI-RHO 150MCG/ML-2ML SER IM
1955;IMUNOGLOBULINA ANTITETANICA 250UI/ML-1ML AMP IM
1958;HEPATECT 2000UI FR/AMP-IMUNO HUMANA ANTI-HEPATITE
1962;IMUNOGLOBULINA HUMANA 2,5G-50ML FR/AMP IV
1964;ENDOBULIN KIOVIG 5G-50ML FR/AMP IV-IMUNO HUMANA
1968;ONBRIZE 300MCG-10CAPS GEL P/INAL-INDACATEROL
1972;NATRILIX 2,5MG DRG-INDAPAMIDA
1973;INDAPAMIDA 2,5MG DRG 
1976;INDOCID 50MG CAPS GEL-INDOMETACINA
2423;MINOXIDIL 10MG COMP
2424;LONITEN 10MG COMP-MINOXIDIL
2427;MIRTAZAPINA 30MG COMP ORODISP
2428;REMERON SOLTAB 30MG COMP ORODISP-MIRTAZAPINA
2429;MIRTAZAPINA 30MG COMP 
2430;REMERON SOLTAB 45MG COMP ORODISP-MIRTAZAPINA
2431;PROSTOKOS 200MCG COMP VAG-MISOPROSTOL
2432;MISOPROSTOL 25MCG COMP VAG
2435;STAVIGILE 100MG COMP-MODAFINILA
2436;MODAFINILA 200MG COMP
2437;STAVIGILE 200MG COMP-MODAFINILA
2440;NASONEX 0,05MG/G-18G(120DOSES) FR SPR INAL-MOMETASONA
2455;SINGULAIR 10MG COMP-MONTELUCASTE
2456;MONTELUCASTE 4MG COMP
2118;ZANIDIP 10MG COMP REV-LERCANIDIPINO
2120;LETROZOL 2,5MG COMP REV 
2126;LEVODOPA/BENSERAZIDA 100/25MG COMP
2127;LEVODOPA/BENSERAZIDA 200/50MG COMP
2129;PROLOPA 100/25MG COMP DISP-LEVODOPA/BENSERAZIDA
2116;LEFLUNOMIDA 20MG COMP REV 
2130;PROLOPA 200/50MG COMP-LEVODOPA/BENSERAZIDA
2137;LEVODROPROPIZINA 60MG/ML-15ML FR GTS
1775;GLICEROFOSFATO SODIO 216MG/ML-20ML FR/AMP IV
2148;LEVOMEPROMAZINA 25MG COMP
2693;OXCARBAZEPINA 60MG/ML-100ML FR SUSP
2696;OXIBUTININA 1MG/ML-120ML FR XPE
2704;OXIMETAZOLINA 0,25MG/ML-20ML FR INAL GTS
2705;AFRIN 0,25MG/ML-20ML FR INAL-OXIMETAZOLINA
2706;ATURGYL 0,5MG/ML-15ML FR INAL-OXIMETAZOLINA
2707;OXIMETAZOLINA 0,5MG/ML-10ML FR INAL GTS
2708;AFRIN 0,5MG/ML-10ML FR INAL-OXIMETAZOLINA
2709;OXIMETAZOLINA 0,5MG/ML-30ML FR INAL
2710;AFRIN 0,5MG/ML-30ML FR SPR INAL-OXIMETAZOLINA
2713;SYNTOCINON 40UI/ML-5ML(50DOSES) FR SPR INAL-OXITOCINA
2717;AROVIT 300000UI/ML-1ML AMP IV-RETINOL,PAL(VIT A)
2722;PAMIDRONATO 9MG/ML-10ML FR/AMP IV
2724;PANCREATINA/SIMETICONA 170/80MG DRG(MANIPULADO)
1984;LEVEMIR 100 UI/ML-3ML CANETA SC-INSULINA DETEMIR
1987;INSULINA GLARGINA 100UI/ML-10ML FR/AMP SC
2731;PANCURONIO 4MG/ML-2ML FR/AMP IV
2736;PANTOPRAZOL 40MG COMP REV 
2458;MONTELUCASTE 5MG COMP REV
2459;SINGULAIR 5MG COMP REV-MONTELUCASTE
2472;DIMORF LC 60MG COMP LIB CONT-MORFINA
2473;MOXIFLOXACINO/DEXAMETASONA 5/1MG/ML-5ML FR OFTAL
2474;VIGADEXA 5/1MG/ML-5ML FR OFTAL-MOXIFLOXACINO/DEXAMETASONA
2478;VIGAMOX 5MG/ML-5ML FR OFTAL-MOXIFLOXACINO
2493;REVIA 50MG COMP-NALTREXONA
2150;LEVOMEPROMAZINA 40MG/ML-20ML FR GTS
2153;MIRENA 52MG VAG ENDOCEPTIVO DIU-LEVONORGESTREL
2160;LEVOTIROXINA 125MCG COMP
2164;LEVOTIROXINA 150MCG COMP
2171;LEVOID 38MCG COMP-LEVOTIROXINA
2172;LEVOTIROXINA 50MCG COMP
2174;LEVOTIROXINA 75MCG COMP
2175;EUTHYROX 75MCG COMP-LEVOTIROXINA
2178;LEVOTIROXINA 38MCG COMP
3086;MYCOBUTIN 150MG CAPS GEL-RIFABUTINA
3087;RIFAMICINA 10MG/ML-20ML FR SPR TOP
3089;RIFAMPICINA 20MG/ML-100ML FR  
3092;HYPERIUM 1MG COMP-RILMENIDINA
3093;RILUZOL 50MG COMP REV
3094;RILUTEK 50MG COMP REV-RILUZOL
3097;ACTONEL 35MG COMP-RISEDRONATO
3098;RISEDRONATO 35MG COMP
3101;RISPERIDONA 1MG/ML-30ML FR GTS
3104;RISPERDAL 1MG COMP-RISPERIDONA
3105;RISPERIDONA 2MG COMP
3106;RISPERDAL 2MG COMP-RISPERIDONA
3109;MABTHERA 10MG/ML-10ML FR/AMP IV-RITUXIMAB
3110;MABTHERA 10MG/ML-50ML FR/AMP IV-RITUXIMAB
3113;XARELTO 20MG COMP REV-RIVAROXABANA
3114;RIVASTIGMINA 1,5MG CAPS GEL
2744;PAPAINA 10%-30G BG GEL TOP(MANIPULADO)
2745;PAPAINA 12%-100G PT GEL TOP(MANIPULADO)
2746;PAPAINA 12%-200G PT GEL TOP(MANIPULADO)
2747;PAPAINA 2%-30G BG GEL TOP(MANIPULADO)
2752;PAPAINA 8%-30G BG CREM TOP(MANIPULADO)
2754;PAPAVERINA 50MG/ML-2ML FR/AMP IM/IV
2742;PAPAINA 10%-100G PT GEL TOP(MANIPULADO)
2766;PARACETAMOL/CLORZOXAZONA 300/200MG COMP  
2767;PARACETAMOL/CODEINA 500/30MG COMP
2772;PARACETAMOL/DIFENIDRAMINA/ASSOC 50/3/3MG/ML-120ML FR XPE
2495;DECA-DURABOLIN 50MG/ML-1ML AMP IM-NANDROLONA
2496;NAPROXENO 250MG COMP
2506;TYSABRI 20MG/ML-15ML FR/AMP IV-NATALIZUMABE
2507;NATEGLINIDA 120MG COMP REV 
2508;STARLIX 120MG COMP REV-NATEGLINIDA
2509;NEBILET 5MG COMP-NEBIVOLOL
2514;NEOMICINA/BACITRACINA 50G BG POM TOP
2517;NEOMICINA 500MG COMP(MANIPULADO)
2521;NEPAFENACO 1MG/ML-5ML FR OFTAL
2187;LIDOCAINA 10%-50ML FR SPR TOP
2190;LIDOCAINA 1%-20ML FR/AMP IV
2195;LIDOCAINA 2%-20ML FR/AMP IV
2197;LIDOCAINA 2%-30G BG GEL TOP
2184;LIDOCAINA/TRIBENOSIDEO SUP RETAL
2201;LIDOCAINA/HIDROCORTISONA/ASSOC 25G BG POM RETAL
2205;XYLOPROCT 25G BG POM RETAL-LIDOC/HIDROCORTI/ASSOC
2214;LISINA CLONIXINATO 125MG COMP REV
2218;ZESTRIL 10MG COMP-LISINOPRIL
3124;RIVASTIGMINA 6MG CAPS GEL
3127;RIVASTIGMINA 9MG/5CM2(4,6MG/24H) ADES TRANSD
3131;ESMERON 10MG/ML-5ML FR/AMP IV-ROCURONIO
1785;GLICOSAMINA 1,5G ENV
2781;PARACETAMOL 650MG COMP REV
2783;TYLENOL 750MG COMP-PARACETAMOL
2784;PARACETAMOL/TRAMADOL 37,5/325MG COMP 
2786;PAROXETINA 10MG COMP 
2793;PAROXETINA 30MG COMP
2795;PAROXETINA 40MG COMP 
2796;PASSIFLORA ALATA/ASSOCIACOES 20ML FR GTS
2797;PASSIFLORA INCARNATA/ ASSOC 0,1/0,030/0,1MG DRG
2800;PASTA D AGUA 80G BG TOP(MANIPULADO)
2806;PENCICLOVIR 5G BG CREM TOP
2809;PENTOXIFILINA 400MG COMP REV  
2532;NIFEDIPINO/ATENOLOL 20/50MG CAPS
2543;ADALAT OROS 30MG COMP LIB PROL-NIFEDIPINO
2546;NISULID 100MG COMP-NIMESULIDA
2554;NIMESULIDA 50MG/ML-15ML FR GTS
2558;OXIGEN 30MG COMP-NIMODIPINO
2227;AGE/ASSOCIACOES LOCAO OLEOSA 100ML FR TOP
2229;LOPERAMIDA 2MG COMP
2231;LOPINAVIR/RITONAVIR 200/50MG COMP REV 
2234;LORATADINA/PSEUDOEFEDRINA 5/120MG DRG
2235;LORATADINA/PSEUDOEFEDRINA 1/12MG/ML-60ML FR XPE
2236;LORATADINA 10MG COMP
2237;CLARITIN 10MG COMP-LORATADINA
2238;LORATADINA 1MG/ML-100ML FR XPE
2240;LORAZEPAM 1MG COMP 
1810;GLYCINE MAX/PERSEA GRATISSIMA 100/200MG CAPS GEL
1814;ZOLADEX 10,8MG SER SC-GOSERELINA
1820;HALOPERIDOL 50MG/ML-1ML AMP IM
1822;HALOPERIDOL 1MG COMP
1824;HALOPERIDOL 2MG/ML-20ML FR GTS
1830;HALOTANO 100ML FR INAL
2812;PERICIAZINA 10MG COMP REV 
2814;NEULEPTIL 40MG/ML-20ML FR GTS-PERICIAZINA
2815;PERINDOPRIL/INDAPAMIDA 4/1,25MG COMP
2817;COVERSYL 4MG COMP-PERINDOPRIL
2825;PETIDINA 50MG/ML-2ML AMP IM/IV
2827;PICOSULFATO SODIO 7,5MG/ML-20ML FR GTS
2833;PILOCARPINA 20MG/ML-10ML FR OFTAL
2835;PIMETIXENO 0,1MG/ML-120ML FR XPE
2838;PINAVERIO 100MG COMP REV 
2839;DICETEL 100MG COMP REV-PINAVERIO
2844;VISKEN 5MG COMP-PINDOLOL
2573;NITRATO PRATA 5G BASTAO TOP(MANIPULADO)
2577;CALTREN 10MG COMP-NITRENDIPINO
2578;NITRENDIPINO 20MG COMP 
2579;CALTREN 20MG COMP-NITRENDIPINO
2582;NITROFURAL 5MG/ML-120ML FR TOP
2590;NITROGLICERINA 50MG ADES TRASND TOP
2597;PRIMOSISTON 2/0,01MG COMP-NORETISTERONA/ETINILESTRADIO
2258;LUVOX 100MG COMP REV-FLUVOXAMINA
2259;GLAUCOTRAT 0,5%-5ML FR OFTAL-TIMOLOL
2261;MANIVASC 10MG COMP-MANIDIPINO
2262;MANIVASC 20MG COMP-MANIDIPINO
2274;MEBENDAZOL 20MG/ML-30ML FR SUSP
2276;DUSPATALIN 200MG CAPS GEL-MEBEVERINA
2278;MECLIN 50MG COMP-MECLIZINA 
2282;MEGESTROL 160MG COMP 
2283;MEGESTAT 160MG COMP-MEGESTROL
2284;GLUCANTIME 300MG/ML-5ML AMP IV-MEGLUMINA ANTIMONIATO
2287;ALKERAN 50MG FR/AMP IV-MELFALANA
1844;HEPARINA 5000UI/ML-5ML FR/AMP IV
1848;HEXOMEDINE 1/0,5MG/ML-50ML FR SPR COLUT-HEXAMIDINA/TETRAC
1849;CYSTISTAT 0,8 MG/ML-50ML FR/AMP-HIALURONATO SODIO
1853;HIALURONIDASE 2000UTR FR/AMP IM/SC
1854;HIDRALAZINA 20MG/ML-1ML AMP IV
1859;APRESOLINA 50MG DRG-HIDRALAZINA
2848;PIOGLITAZONA 15MG COMP
2849;PIOGLITAZONA 30MG COMP
2851;PIOGLITAZONA 45MG COMP 
2855;TAZOCIN 4G/500MG FR/AMP IV-PIPERACILINA/TAZOBACTAM
2856;TAZOCIN 2G/250MG FR/AMP IV-PIPERACILINA/TAZOBACTAM
2857;DACTIL OB 100/50/50MG DRG-PIPERIDOLATO/HESPERIDINA/VIT C
2861;PIRACETAM 400MG COMP 
2847;ACTOS 15MG COMP-PIOGLITAZONA
2865;PIRIBEDIL 50MG COMP LIB PROL
2867;PIRIDOSTIGMINA 60MG COMP 
2868;MESTINON 60MG COMP-PIRIDOSTIGMINA
2603;PAMELOR 10MG CAPS GEL-NORTRIPTILINA
2606;PAMELOR 50MG CAPS GEL-NORTRIPTILINA
2607;NORTRIPTILINA 75MG CAPS GEL
2610;OCTREOTIDA 0,05MG/ML-1ML AMP IV
2613;OCTREOTIDA 0,5MG/ML-1ML AMP IV
2614;SANDOSTATIN 0,5MG/ML-1ML AMP IV-OCTREOTIDA
2615;SANDOSTATIN LAR 20MG FR/AMP IV-OCTREOTIDA
2602;NORTRIPTILINA 10MG CAPS GEL
2619;OLANZAPINA 10MG COMP ORODISP
2623;OLANZAPINA 2,5MG COMP
2627;OLANZAPINA 5MG COMP
2004;INSULINA LISPRO 100UI/ML-3ML CANETA REFIL SC
2007;HENETIX 300MG/ML-100ML FR/AMP IV-IOBITRIDOL
2298;MEROPENEM 1000MG FR/AMP IV
2304;MESALAZINA 3G-100ML FR ENEMA RETAL
2307;MESALAZINA 400MG COMP 
2309;PENTASA 500MG COMP LIB PROL-MESALAZINA
2311;MESALAZINA 500MG SUP RETAL
2312;MESACOL 500MG SUP RETAL-MESALAZINA
2313;MESALAZINA 800MG COMP 
2315;MESNA 100MG/ML-4ML AMP IV
2317;METADONA 10MG/ML-1ML AMP IV
2318;METADONA 10MG COMP
2320;MYTEDON 5MG COMP-METADONA
1899;HIDROXIDO ALUMINIO/CAOLIM/PECTINA 120ML FR SUSP
1905;HIDROXIDO ALUMINIO 61,5MG/ML-240ML FR SUSP
1906;LEITE MAGNESIA PHILLIPS 120ML-HIDROXIDO MAGNESIO
1908;HIDROXIDO MAGNESIO 85,5MG/ML-120ML FR
2889;PLANTAGO OVATA FORSK 7G ENV ORAL
2891;MOZOBIL 20MG/ML-1,2ML FR/AMP SC-PLERIXAFOR
2892;POLIAMINOACIDOS 10%-1000ML FR(MANIPULADO)
2894;MUVINOR 500MG COMP-POLICARBOFILA CALCICA
2895;POLICARBOFILA CALCICA 625MG COMP
2898;POLICRESULENO/CINCHOCAINA 100/27MG SUP RETAL
2902;ALBOCRESIL 36%-12ML FR GTS-POLICRESULENO
2903;POLICRESULENO 90MG OVULO VAG
2910;BEDFORDPOLY-B 500000UI FR/AMP IV/IM-POLIMIXINA B
2912;NATELE CAPS-POLIVITAMINICO/POLIMINERAL
2011;IODETO POTASSIO/ASSOCIACOES 100MG/ML-5ML FR(MANIPULADO)
2023;OPTIRAY 320MG/ML-50ML FR/AMP IV-IOVERSOL
2036;IPRATROPIO 0,25MG/ML-20ML FR INAL GTS
2037;IPRATROPIO 0,25MG/ML-2ML FLAC INAL
2040;APROZIDE 150/12,5MG COMP-IRBESARTANA/HIDROCLOROTIAZIDA
1427;NOCTAL 2MG COMP-ESTAZOLAM
1437;ESTRADIOL 25MG COMP
1444;ESTROGENIOS CONJ 0,625MG DRG
1452;EFORTIL 5MG COMP-ETILEFRINA
1454;ETINILESTRADIOL/LEVONORGESTREL 0,03/0,15MG DRG
849;CIPROTERONA 100MG COMP
850;CIPROTERONA 50MG COMP
851;ANDROCUR 50MG COMP-CIPROTERONA
852;NIMBIUM 2MG/ML-10ML AMP IV-CISATRACURIO
842;CIPROFLOXACINO 500MG COMP REV
859;CITICOLINA 500MG COMP REV 
866;NOLVADEX 10MG COMP-TAMOXIFENO
870;CLARITROMICINA 500MG COMP REV
873;CLARITROMICINA 50MG/ML-60ML FR SUSP
874;KLARICID 50MG/ML-60ML FR SUSP-CLARITROMICINA
875;CLINDAMICINA 300MG CAPS GEL
791;CICLOPENTOLATO 10MG/ML-5ML FR OFTAL
797;CICLOPIROX OLAMINA 10MG/ML-15ML FR TOP
801;CICLOSPORINA 100MG CAPS
802;CICLOSPORINA 25MG CAPS 
803;SANDIMMUN 50MG/ML-1ML AMP IV-CICLOSPORINA
805;CICLOSPORINA 50MG CAPS GEL
807;CILOSTAZOL 100MG COMP
808;CEBRALAT 100MG COMP-CILOSTAZOL
811;CIMETIDINA 150MG/ML-2ML FR/AMP IM
813;TAGAMET 400MG COMP REV-CIMETIDINA
814;CIMICIFUGA RACEMOSA 160MG COMP REV
815;CIMICIFUGA RACEMOSA 20MG COMP REV
818;CINARIZINA 75MG COMP
3325;SULFATO FERROSO 25MG/ML-30ML FR   
3161;FERRIPOLIMALTOSE 50MG/ML-15ML FR GTS
3164;FERRIPOLIMALTOSE 50MG/ML-30ML FR GTS
3165;NORIPURUM 50MG/ML-30ML FR GTS-FERRIPOLIMALTOSE
3167;SACCHAROMYCES BOULARDII 100MG CAPS GEL
3175;SACCHAROMYCES CEREVISAE 100000000/ML-5ML FLAC
3177;SALBUTAMOL 0,4MG/ML-120ML FR XPE
3178;AEROLIN 0,4MG/ML-120ML FR XPE-SALBUTAMOL
3182;AEROLIN 1,0MG/ML-2,5ML FLAC-SALBUTAMOL
3185;SALBUTAMOL 2MG COMP
3186;AEROLIN 2MG COMP-SALBUTAMOL
3187;AEROLIN 6MG/ML-10ML FR INAL-SALBUTAMOL
3197;QUIXIL 2ML FR/AMP TOP-FIBRIN/FIBRONEC/AC TRANEX/TROMB/CL CA
3205;SENNE/CASSIA/TAMARINDUS/ASSOCIACOES PT 260G GELEIA
3194;SECNIDAZOL 1000MG COMP REV 
3214;SEVOFLURANO 250ML FR INAL
3215;SEVORANE 250ML FR INAL-SEVOFLURANO
3222;SILDENAFILA 25MG COMP REV 
3223;VIAGRA 25MG COMP REV-SILDENAFILA
3224;SILDENAFILA 50MG COMP REV
3225;VIAGRA 50MG COMP REV-SILDENAFILA
3229;SILIMARINA 140MG CAPS GEL 
3234;SIMETICONA 40MG COMP 
3240;SINVASTATINA 10MG COMP REV   
3245;ZOCOR 20MG COMP REV-SINVASTATINA
3247;SINVASTATINA 80MG COMP REV 
3250;JANUVIA 100MG COMP REV-SITAGLIPTINA
3251;SITAGLIPTINA 25MG COMP REV
3255;SOLUCAO ACIDA P/HEMODIALISE 5L BOMBONA
3256;SOLUCAO BASICA P/HEMODIALISE 5L BOMBONA
3258;SOLUCAO DIALISE PERITONEAL 1,50%-5L BOLSA SF
3269;NEXAVAR 200MG COMP REV-SORAFENIBE
3275;SOTACOR 160MG COMP-SOTALOL
3278;SUCRALFATO/COBRE/SULF ZINCO/OX ZINCO 40ML BG CREM TOP
3279;SUCRALFATO 1G COMP MAST 
3265;SOLUCAO SALINA BALANCEADA 500ML FR 
3266;PRIMENE/AMINOACIDOS 10%-250ML FR-SOL PARENTERAL/AA
3280;SUCRAFILM 1G COMP MAST-SUCRALFATO
3285;SUFENTANILA 5MCG/ML-2ML AMP IV
3293;ARCALION 200MG DRG-SULBUTIAMINA
3294;SULFADIAZINA PRATA 10MG/G-30G BG CREM TOP
3298;SULFADIAZINA 500MG COMP  
3303;BACTRIM 40/8MG/ML-100ML FR-SULFAMETOXAZOL/TRIMETOPRIMA
3305;SULFAMETOXAZOL/TRIMETOPRIMA 400/80MG COMP
3311;SULFASSALAZINA 500MG COMP REV   
3315;ARTROLIVE 500/400MG CAP GEL-CONDROITINA/GLICOSAMINA
3316;ZIAGENAVIR 300MG COMP-ABACAVIR
3318;SULF FERRO/AC ASCORBICO(VIT C)/COMPLEXO B 120ML FR
3319;GLICINATO FERRICO/ASSOCIACOES 30ML FR GTS
3320;NOVOFER 400MG DRG-SULF FERRO/AC ASCORBICO(VIT C)/COMPL B
3523;TRIEXIFENIDIL 2MG COMP 
3524;TRIEXIFENIDIL 5MG COMP 
3534;TRIMETAZIDINA 35MG COMP REV
3536;TROMETAMINA CETOROLACO 10MG COMP SL
3537;TORAGESIC 10MG COMP SL-TROMETAMINA CETOROLACO
3540;ACULAR LS 4MG/ML-5ML FR OFTAL-TROMETAMINA CETOROLACO
3543;TROPICAMIDA 10MG/ML-5ML FR OFTAL
3554;URIDINA /CITIDINA/VIT B12/LIDOCAINA 1,5/2,5/1MG/ML AMP IM
3556;NUCLEO CMP 1,5/2,5/1MG CAPS GEL-URIDINA/CITIDINA/VIT B12
3557;URIDINA/CITIDINA/VIT B12 1,5MG/2,5MG/1MG CAPS GEL 
3544;MYDRIACYL 10MG/ML-5ML FR OFTAL-TROPICAMIDA
3558;ETNA 1,5/2,5/1MG CAPS GEL-URIDINA/CITIDINA/VIT B12
3565;BEXTRA 40MG COMP-PARECOXIBE
3575;TORVAL CR 300MG COMP LIB PROL-VALPROATO SODIO/AC VALPROICO
3580;VALPROATO SODIO 200MG/ML-40ML FR SOL
3586;DIOVAN HCT 320/12,5MG COMP-VALSARTANA/HIDROCLOROTIAZIDA
3591;DIOVAN AMLO FIX 320/10MG COMP REV-VALSARTANA/ANLODIPINO
3592;DIOVAN AMLO 80/5MG COMP REV-VALSARTANA/ANLODIPINO
3595;VALSARTANA/HIDROCLOROTIAZIDA 160/12,5MG COMP
3598;VALSARTANA/HIDROCLOROTIAZIDA 320/12,5MG COMP
3602;DIOVAN 320MG COMP REV-VALSARTANA
3606;VANCOMICINA 500MG FR/AMP IV
3608;VARENICLINA 0,5/1MG COMP REV
3624;VECURONIO 4MG FR/AMP IV
3626;ZELBORAF 240MG COMP REV-VEMURAFENIBE
3615;MAREVAN 5MG COMP-VARFARINA
3633;EFEXOR XR 37,5MG CAPS GEL-VENLAFAXINA
3634;VENLAFAXINA 37,5MG COMP
3635;VENLAFAXINA 75MG CAPS GEL LIB PROL
3637;VENLAFAXINA 75MG COMP
3640;VASOTON 2,5MG/ML-2ML AMP IV-VERAPAMIL
3645;VERAPAMIL 120MG COMP LIB PROL 
3646;DILACORON RET 120MG COMP REV-VERAPAMIL
3651;GALVUS MET 50/10000MG COMP REV-VILDAGLIPTINA/METFORMINA
3656;VIMPOCETINA 5MG COMP 
3657;VICOG 5MG COMP-VIMPOCETINA
3659;VIOLETA GENCIANA 30ML FR TOP(MANIPULADO)
3662;RETINOL(VIT A) /COLICALCIFEROL(VIT D3) 10ML FR
3663;VIT A/AA/CLORANFENICOL/METIONINA 3,5G BG POM OFTAL
3664;EPITEZAN 3,5G BG POM OFTAL-VIT A/AA/CLORANFENICOL/METIONINA
3675;COBALAMINA(VIT B12) 2500MCG/ML-2ML AMP IM
3678;PIRIDOXINA(VIT B6) 100MG/ML-60ML FR(MANIPULADO)
3679;PIRIDOXINA(VIT B6) 100MG COMP(MANIPULADO)
3685;ACIDO ASCORBICO(VIT C) 100MG/ML-5ML AMP IV(MANIPULADO)
3686;ACIDO ASCORBICO(VIT C) 10MG/ML-20ML FR GTS
3688;ACIDO ASCORBICO(VIT C) 1G COMP
3693;VIT D3/CARBONATO CALCIO 400UI/500MG COMP
3699;TOCOFEROL(VIT E) 400MG CAPS(MANIPULADO)
3702;FITOMENADIONA(VIT K) 10MG/ML-1ML AMP IM/SC
3704;ARGIROL OCULUM 10%-5ML FR OFTAL-VITELINATO PRATA
3705;VITEX AGNUS-CASTUS L 40MG COMP REV
3708;VFEND 50MG COMP REV-VORICONAZOL
3715;ZIPRAZIDONA 40MG CAPS GEL
3716;ZIPRASIDONA 80MG CAPS GEL
3723;ZOPICLONA 7,5MG COMP REV 
3724;IMOVANE 7,5MG COMP REV-ZOPICLONA
3727;ENZIMA/XILITOL/FLUOR ENXAGUATORIO BUCAL 240ML FR
1174;DEXTRANO/HIPROMELOSE/GLICEROL 3/1/2MG/ML-15ML FR OFTAL
1177;DEXTROMETORFANO/ASSOC 1/0,6/0,25MG/ML-100ML FR XPE
1179;ARTRODAR 50MG CAPS GEL-DIACEREINA
1180;DIAZEPAM 10MG COMP 
1186;TENSURIL 15MG/ML-20ML AMP-DIAZOXIDO
1188;COLESTIRAMINA 4G ENV
1191;DICLOFENACO DIETILAMONIO 11,6MG/G-60G BG GEL TOP
1194;VOLTAREN RETARD 100MG COMP LIB CONT-DICLOFENACO SODICO
1196;CATAFLAM 15MG/ML-20ML FR GTS-DICLOFENACO POTASSIO
1198;CATAFLAM 50MG DRG-DICLOFENACO POTASSIO
1203;DICLOFENACO SODIO 100MG COMP
1204;DICLOFENACO SODIO 1MG/ML-5ML FR OFTAL
1461;ARCOXIA 60MG COMP-ETORICOXIBE
1462;ETORICOXIBE 90MG COMP 
1466;AROMASIN 25MG DRG-EXEMESTANO
1471;EZETIMIBA/SINVASTATINA 10/20MG COMP 
1472;VYTORIN 10MG/20MG COMP-EZETIMIBA/SINVASTATINA
1460;ETORICOXIBE 60MG COMP
1477;PENVIR 500MG COMP-FANCICLOVIR
1478;FANCICLOVIR 500MG COMP
1486;MARCOUMAR 3MG COMP-FEMPROCUMONA
1487;FENAZOPIRIDINA 100MG COMP
1488;PYRIDIUM 100MG COMP-FENAZOPIRIDINA
1489;FENAZOPIRIDINA 200MG COMP
1491;FENILEFRIN 10MG/ML-1ML AMP IV/IM-FENILEFRINA
881;CLOBETASOL 0,5MG/G-30G BG CREM TOP
886;CLOMIPRAMINA 25MG COMP
887;ANAFRANIL 25MG COMP-CLOMIPRAMINA
890;CLONAZEPAM 0,25MG COMP SL
879;CLOBAZAM 20MG COMP
898;ATENSINA 200MCG COMP-CLONIDINA
902;CLOPERASTINA FENDIZOATO 3,54MG/ML-120ML FR 
907;CLOPIDOGREL 75MG COMP
911;CLORANFENICOL 4MG/ML-10ML FR OFTAL 
913;CLORDIAZEPOXIDO 25MG COMP REV
3343;UNASYN 375MG COMP REV-SULTAMICILINA
3345;SUMATRIPTANA 100MG COMP REV
3353;SURVANTA 25MCG/ML-4ML FR/AMP IT-BERACTANTO
3354;CUROSURF 80MG/ML-1,5ML FR/AMP IT-SURFACTANTE PULMONAR
3356;SUXAMETONIO 100MG FR/AMP IT/IV
1215;DIDROGESTERONA 10MG COMP REV 
1217;DIETILESTILBESTROL 1MG COMP REV 
1209;DICLOFENACO SODIO 50MG SUP RETAL
1232;DIIDROERGOCRISTINA 6MG CAPS GEL
1239;CARDIZEM CD 240MG CAPS LIB PROL-DILTIAZEM
1504;FENOFIBRATO 200MG COMP REV 
1505;LIPIDIL 200MG COMP REV-FENOFIBRATO
1511;FENOTEROL 5MG/ML-20ML FR INAL GTS
1514;PEN-VE-ORAL 500000UI COMP-FENOXIMETILPENICILINA
1522;FENTANILA 50MCG/ML-10ML AMP IV/IM
1524;FENTANILA 50MCG/ML-2ML AMP IV/IM
1526;FENTANILA 50MCG/ML-5ML AMP IV/IM
964;CLOREXIDINA AQUOSA 2%-100ML FR ALMOT TOP
985;CLORPROMAZINA 25MG COMP REV   
987;CLORPROMAZINA 40MG/ML-20ML FR GTS
988;AMPLICTIL 40MG/ML-20ML FR-CLORPROMAZINA
989;CLORPROMAZINA 5MG/ML-5ML AMP IV/IM
992;DIABINESE 250MG COMP-CLORPROPAMIDA
993;CLORTALIDONA/AMILORIDA 25MG/5MG COMP
994;DIUPRESS 25/5MG COMP-CLORTALIDONA/AMILORIDA 
3367;TAMOXIFENO 20MG COMP 
3369;TANSULOSINA 0,4MG CAPS GEL
3422;TAPAZOL 10MG COMP-TIAMAZOL
3423;TAPAZOL 5MG COMP-TIAMAZOL
3429;GLITISOL 2G ENV-TIANFENICOL
3431;TIBOLONA 2,5MG COMP 
3432;LIVIAL 2,5MG COMP-TIBOLONA
3437;TICLOPIDINA 250MG COMP REV
3438;TICLID 250MG COMP REV-TICLOPIDINA
3441;TIMOLOL 0,5%-5ML FR OFTAL
3447;TINTURA OPIO 0,05ML/ML-30ML FR  
3449;COLTRAX 4MG COMP-TIOCOLCHICOSIDEO
1247;DIMEGLUMINA GADOPENTETATO 469MG/ML-10ML FR/AMP IV
1256;PROPESS 10MG PESSARIO VAG-DINOPROSTONA
1261;ESCOPOLAMINA/DIPIRONA 4/500MG/ML-5ML AMP IV/IM
1268;DIPIRONA/PROMETAZINA/ADIFENINA 500MG COMP
1531;FENTICONAZOL 600MG OVULO VAG
1535;FERRO QUELATO GLICINATO/ ACIDO FOLICO 150/5MG COMP
1541;NEUTROFER 300MG COMP REV-FERRO QUELATO GLICINATO
1542;NEUTROFER 500MG COMP MAST-FERRO QUELATO GLICINATO
1543;NEUTROFER 50MG/ML-30ML FR-FERRO QUELATO GLICINATO
1530;FENTIZOL 20MG/G-40G BG CREM VAG-FENTICONAZOL
1548;FEXOFENADINA/PSEUDOEFEDRINA 60/120MG COMP LIB PROL 
1549;ALLEGRA D 60/120MG COMP LIB PROL-FEXOFENAD/PSEUDOEFEDRINA
1550;FEXOFENADINA 120MG COMP REV   
1555;FEXOFENADINA 6MG/ML-150ML FR SUSP
998;CLORTALIDONA 50MG COMP
1002;TROFODERMIN 5/5MG/G-30G BG CREM TOP-CLOSTEBOL/NEOMICINA
1003;CLOSTEBOL/NEOMICINA 45G BG CREM TOP
1005;BAYCUTEN N 10/0,4MG-40G BG CREM TOP-CLOTRIMAZOL/DEXAMETASONA
1013;CLOXAZOLAM 2MG COMP 
1016;CLOZAPINA 100MG COMP
1017;CLOZAPINA 25MG COMP 
1018;LEPONEX 25MG COMP-CLOZAPINA
1023;CODEINA FOSF 3MG/ML-120ML FR SOL
1025;CODATEN 50/50MG COMP-CODEINA/DICLOF SODICO
1027;HYDERGINE 4,5MG COMP-CODERGOCRINA
3455;TIOPENTAL 1000MG FR/AMP IV
3456;MELLERIL 100MG DRG-TIORIDAZINA
3458;TIORIDAZINA 25MG DRG
3460;TIORIDAZINA 50MG DRG 
3463;TIOTROPIO 2,5MCG/DOSE-4ML FR SOL
3465;AMIDALIN 1,035MG/5MG PAST-TIROTRICINA/BENZOCAINA
3450;TIOCONAZOL/TINIDAZOL 20/30MG/G-35G BG CREM VAG
3466;TIZANIDINA 2MG COMP 
3467;SIRDALUD 2MG COMP-TIZANIDINA
3468;TOBRADEX 3/1MG/ML-5ML FR OFT-TOBRAMICINA/DEXAMETASONA
3472;TOBRAMICINA 3MG/G-3,5G BG POM OFTAL
3480;DETRUSITOL 1MG COMP REV-TOLTERODINA
3481;TOLTERODINA 2MG COMP REV 
3485;TOPIRAMATO 100MG COMP REV
1289;DIVALPROATO SODIO 500MG COMP
1290;DEPAKOTE 500MG COMP REV-DIVALPROATO SODIO
1291;DOBUTAMINA 12,5MG/ML-20ML AMP IV
1293;DOMPERIDONA 10MG COMP
1297;MOTILIUM 1MG/ML-200ML FR SUSP-DOMPERIDONA
1299;DONEPEZILA 10MG COMP REV   
1302;ERANZ 5MG COMP-DONEPEZILA
1305;DORZOLAMIDA/TIMOLOL 20/5MG/ML-5ML FR OFTAL
1311;DOXAZOSINA 2MG COMP 
1313;CARDURAN XL 4MG COMP LIB CONT-DOXAZOSINA
1566;FIBRINOLISINA/DESOXIR/CLORANF 1U/666U/10MG/G-30G BG POM 
1569;FILGRASTIMA 300MCG-0,5ML SER IV/SC
1573;FINASTERIDA 1MG COMP REV 
1579;FLUCONAZOL 100MG CAPS 
1580;ZOLTEC 100MG CAPS-FLUCONAZOL
1593;VERTIZINE D 10MG/3MG COMP-FLUFENAZINA/DIIDROERGOCRISTINA
1594;FLUMAZENIL 0,1MG/ML-5ML AMP IV
1596;FLUNARIZINA 10MG COMP
1597;VERTIX 10MG COMP-FLUNARIZINA
1599;ROHYPNOL 1MG COMP-FLUNITRAZEPAM
1035;IRUXOL MONO 0,6U/G-30G BG POM TOP-COLAGENASE 
1043;DEPURA 200UI-20ML FR GTS-COLECALCIFEROL(VIT D)
1053;COMPLEXO B 20ML FR GTS
918;CLORETO POTASSIO 10MEQ COMP
3490;TOPIRAMATO 50MG COMP
3495;TRAMADOL 100MG/ML-10ML FR GTS
3498;TRAMADOL 50MG/ML-1ML AMP IV
3500;TRAMADOL 50MG/ML-2ML AMP IV
3503;TRAMAL 50MG CAPS GEL-TRAMADOL
3504;TRANDOLAPRIL 2MG CAPS GEL 
3505;TRAVOPROSTA 0,04MG/ML-2,5ML FR OFTAL
3506;TRAVATAN 0,04MG/ML-2,5ML FR OFTAL-TRAVOPROSTA
3509;DONAREN RETARD 150MG COMP LIB PROL-TRAZODONA
3510;TRAZODONA 150MG COMP LIB PROL
3513;VESANOID 10MG CAPS GEL-TRETINOINA
3514;TRIANCINOLONA/NEOMIC/GRAMICIDINA/NISTAT 10G BG CREM TOP
3515;TRIANCINOLONA/NEOMIC/GRAMICIDINA/NISTAT 30G BG CREM TOP
3517;NASACORT 0,055MG/ML-16,5ML FR SPR-TRIANCINOLONA
1317;DOXORRUBICINA 10MG FR/AMP IV
1321;DROPERIDOL 2,5MG/ML-1ML AMP IV/IM
1324;DROPROPIZINA 3MG/ML-120ML FR XPE
1329;CYMBALTA 60MG CAPS LIB PROL-DULOXETINA
1332;AVODART 0,5MG CAPS GEL-DUTASTERIDA
1333;DUTASTERIDA 0,5MG CAPS
1334;EBASTINA 10MG COMP 
1335;EFAVIRENZ 600MG COMP 
1338;REVOLADE 50MG COMP REV-ELTROMBOPAG OLAMINA
1343;ENALAPRIL 20MG COMP
1601;FLUOCINOLONA/NEOMICINA/ LIMIXINA/LIDOCAINA 5ML FR OTO
1611;FLUXENE 10MG CAPS GEL-FLUOXETINA
1613;FLUOXETINA 10MG CAPS
1615;FLUOXETINA 20MG/ML-20ML FR GTS
1618;FLURAZEPAM 30MG COMP REV
1619;DALMADORM 30MG COMP REV-FLURAZEPAM
1623;FLUTAMIDA 250MG COMP
1627;SERETIDE 25/50MCG-120DOSES FR AER-FLUTICASONA/SALMETEROL
1633;SERETIDE DISKUS 50/500MCG-60DOSES DISCO INAL-FLUTICAS/SALMET
1634;FLUTICASONA/SALMETEROL 50/500MCG-60DOSES FR INAL
928;CLORETO SODIO/BENZALCONIO 0,9/0,1MG/ML-50ML FR SPR INAL
931;CLORETO SODIO/GLICOSE 1000ML FR SF PVC IV
955;CLORETO SODIO 9MG/ML-50ML FR OFTAL
3378;TELMISARTANA/HIDROCLOROTIAZIDA 40/12,5MG COMP
3381;MICARDIS HCT 40/12,5MG COMP-TELMISARTANA/HCTZ
3383;TELMISARTANA 40MG COMP
3384;MICARDIS 40MG COMP-TELMISARTANA
3386;MICARDIS 80MG COMP-TELMISARTANA
3389;METALYSE 50MG FR/AMP IV-TENECTEPLASE
3390;TENOFOVIR, FUMARATO DESOPROXILA 300MG COMP REV
3392;TILATIL 20MG COMP REV-TENOXICAM
1361;ENTACAPONA 200MG COMP REV 
1372;METILERGOMETRINA 0,2MG/ML-1ML AMP IV/IM
1378;ERITROMICINA 250MG COMP(MANIPULADO)
1382;ERITROMICINA 50MG/ML-105ML FR SUSP
1383;ERITREX 50MG/ML-105ML FR-ERITROMICINA
1386;ESCINA/DIETILAMINA 30G BG GEL TOP
1638;FLUTICASONA 27,5MCG-120DOSES FR SPR INAL
1641;FLUTICASONA 50MCG-120DOSES FR SPR INAL
1635;FLIXOTIDE 250MCG-60DOSES FR SPR INAL-FLUTICASONA
1650;FOLINATO CALCIO 50MG FR/AMP IV
1660;SYMBICORT TURBUHALER 6/200MCG FR INAL-FORMOT/BUDESONIDA  
1661;FORMOTEROL 12MCG-30CAPS C/INAL
1663;FOSAMPRENAVIR 700MG COMP REV 
1664;FOSFATO ACIDO POTASSIO 2MEQ/ML-250ML SOL(MANIPULADO)
1665;FOSFATO CALCIO/VIT D3 600MG/400UI COMP
726;CETILPIRIDINIO 250ML FR SOL BUCAL
729;CETIRIZINA 10MG COMP REV
732;CETOCONAZOL/BETAMETASONA 0,5/20MG/G-30G BG CREM TOP
737;CETOCONAZOL/BETAM/NEOMIC 30G BG POM TOP
742;CANDICORT 0,5/20MG/G-30G BG POM-CETOCONAZOL/BETAMT
3132;DAXAS 500MCG COMP REV-ROFLUMILASTE
3134;ROPIVACAINA 10MG/ML-20ML AMP EPI
3136;ROPIVACAINA 2MG/ML-20ML AMP EPI
3138;ROPIVACAINA 7,5MG/ML-20ML AMP EPI
3139;AVANDIA 4MG COMP REV-ROSIGLITAZONA
3141;CRESTOR 10MG COMP REV-ROSUVASTATINA
3144;RUPATADINA 10MG COMP  
1389;ESCITALOPRAM 10MG COMP REV
1395;ESCOPOLAMINA/PARACETAMOL 10/500MG COMP
1399;ESCOPOLAMINA 10MG COMP
1400;BUSCOPAN 10MG DRG-ESCOPOLAMINA
1401;ESCOPOLAMINA 150MG/G-20G BG GEL TOP(MANIPULADO)
1409;ESOMEPRAZOL 40MG COMP REV   
1421;ESPIRONOLACTONA 1MG/ML-20ML FR GTS(MANIPULADO)
1674;FOSFATO TRICALCICO 12,9%-100ML FR(MANIPULADO)
1675;FOSFATO TRICALCICO 12,9%-120ML FR(MANIPULADO)
1676;FOSFATO TRICALCICO 12,9%-150ML FR(MANIPULADO)
1677;FOSFATO TRICALCICO 12,9%-200ML FR(MANIPULADO)
1678;FOSFATO TRICALCICO 12,9%-20ML FR(MANIPULADO)
1679;FOSFATO TRICALCICO 12,9%-250ML FR(MANIPULADO)
1680;FOSFATO TRICALCICO 12,9%-30ML FR(MANIPULADO)
819;STUGERON 75MG COMP-CINARIZINA
824;LIPLESS 100MG COMP-CIPROFIBRATO
825;CIPROFLOXACINO/DEXAMETASONA 3,5/1MG/G-3,5G BG POM OFTAL
827;CILODEX 3,5/1MG/ML-5ML FR OFTAL-CIPROFLOXACINO/DEXAMETASONA
829;CIPROFLOXACINO/HIDROCORTISONA 5ML FR OTO
830;CIPROFLOXACINO 250MG COMP REV
831;CIPROFLOXACINO 2MG/ML-100ML BOLSA SF IV
834;CIPROFLOXACINO 2MG/ML-200ML(400MG) BOLSA SF IV
839;CIPROFLOXACINO 3,5G BG POM OFTAL
756;CETOPROFENO 20MG/ML-20ML FR GTS
781;CICLOBENZAPRINA 10MG COMP
782;MIOSAN 10MG COMP-CICLOBENZAPRINA
786;CICLOFOSFAMIDA 1000MG FR/AMP IV/IM
787;GENUXAL 1000MG FR/AMP IV/IM-CICLOFOSFAMIDA
10396;RINGER SIMPLES 500ML SF ISENTO PVC
10286;MAGNEN B6 722,2/1MG COMP REV-MAGNESIO/PIRIDOXINA
10260;CARNABOL COMP-POLIVITAMINICO/ASSOC
11214;OXITOCINA 5UI/ML AMP IV
11585;CYMEVIR 1MG/ML-250ML BOLSA SF IV-GANCICLOVIR
12405;INIBINA 10MG COMP-ISOXSUPRINA
12412;KEFLEX 50MG/ML-100ML FR-CEFALEXINA
11212;BERIPLEX P/N 500UI FR/AMP IV-COMPLEXO PROTOMBINICO
11410;LANVIS 40MG COMP-TIOGUANINA
11635;CILODEX 3/1MG/G-3,5G BG POM OFTAL-CIPROFLOXACIN/DEXAMETASONA
11638;CIPRO 250MG COMP REV-CIPROFLOXACINO
12611;RETEMIC 1MG/ML-120ML FR XPE-OXIBUTININA
12776;TRIATEC 5MG COMP-RAMIPRIL
12778;TRIVAGEL N 60G BG CREM VAG-DEXAMETASONA/NISTATINA/NEOMICINA
10721;KALYAMON KIDS 250ML FR SUSP-POLIVITAMINICO/POLIMINERAL
10722;METHERGIN 0,125MG DRG-METILERGOMETRINA
10818;DEFLUX 50/15MG/ML-1ML SER PREEN-DEXTRANOMERO/AC HIALURONIC
10569;AMOXICILINA/CLAVULANATO POTASSIO 1000/200MG FR/AMP IV
10572;AMPICILINA/SULBACTAM 1000/500MG FR/AMP IM/IV
12809;UTROGESTAN 200MG CAPS GEL-PROGESTERONA
12217;EPREX 40000UI/ML-1ML SER PREEN IV/SC-ERITROPOETINA
1512;BEROTEC 5MG/ML-20ML FR INAL GTS-FENOTEROL
11215;TOXINA BOTULINICA TIPO A 50UI FR/AMP IM
11216;PROSIGNE 100UI FR/AMP IM-TOXINA BOTULINICA
12640;SANDIMMUN NEORAL 25MG CAPS GEL-CICLOSPORINA
12641;SANDIMMUN NEORAL 100MG CAPS GEL-CICLOSPORINA
12651;SIFROL 1MG COMP-PRAMIPEXOL
12660;SINEMET 25/250MG COMP-CARBIDOPA/LEVODOPA
12544;KETAMIN 50MG/ML-10ML FR/AMP IV-CETAMINA
10791;GLICOSE 10%-1000ML SF ISENTO PVC IV
2217;LISINOPRIL 10MG COMP
10796;NIFEDIPINO 20MG COMP
10797;CEFUROXIMA 250MG/5ML-50ML FR SUSP
10636;CLORETO SODIO 0,9%-50ML ISENTO PVC IV
10637;GLICOSE 5%-50ML SF ISENTO PVC IV
12758;SYNTOCINON 5UI/ML-1ML AMP IV-OXITOCINA
12767;THIOPENTAX 1000MG FR/AMP IV-TIOPENTAL
12430;NOVAMIN 50MG/ML-2ML AMP IV-AMICACINA
518;BROMOPRIDA 10MG CAPS GEL 
14277;PEDIALYTE 45 500ML FR-CLOR SODIO/CIT SODIO/CIT POT/GLICOSE
894;CLONAZEPAM 2,5MG/ML-20ML FR GTS
1187;QUESTRAN LIGHT 4G ENV-COLESTIRAMINA
1402;ESCOPOLAMINA 20MG/ML-1ML AMP IV/IM/SC
2131;STALEVO 100/25/200MG COMP-LEVODOP/CARBIDOPA/ENTACAPONA
871;CLARITROMICINA 500MG FR/AMP IV
13395;NPLATE 250MCG FR/AMP SC-ROMIPLOSTIM
11289;ARCOXIA 120MG COMP-ETORICOXIBE
11291;ARELIX 6MG CAPS GEL-PIRETANIDA
14161;OPTIMARK 330,9MG/ML-10ML SER PREEN IV-GADOVERSETAMIDA
12456;PRESS PLUS 5/10MG CAPS GEL-ANLODIPINO/BENAZEPRIL
3614;VARFARINA 5MG COMP 
11600;AREDIA 90MG FR/AMP IV-PAMIDRONATO
11221;BINELLI 30MG/ML-10ML FR GTS-DROPROPIZINA
10799;CLORETO SODIO/GLICOSE 1000ML SF ISENTO PVC IV
10800;REGENCEL 3,5G BG POM OFTAL-RETINOL/AA/METIONINA/CLORANF
11274;DRENOL 50MG COMP-HIDROCLOROTIAZIDA
11601;AROPAX 20MG COMP REV-PAROXETINA
12428;NISULID 50MG/ML-15ML FR GTS-NIMESULIDA
12945;GEODON 80MG CAPS GEL-ZIPRASIDONA
11126;ESCABIN 0,2MG/ML-100ML FR LOCAO-DELTAMETRINA
1598;FLUNITRAZEPAM 1MG COMP
13478;GARAMICINA 40MG/ML-1ML AMP IV/IM-GENTAMICINA
12619;DUPHASTON 10MG COMP REV-DIDROGESTERONA
12313;FLOGO ROSA 53,2MG/G-9,4G ENV VAG-BENZIDAMINA
11627;BENZETACIL 600000UI-4ML FR/AMP IM-BENZILPEN BENZATINA
13569;CLORETO CALCIO 100MG/ML(10%)-10ML AMP IV(MANIPULADO)
15234;ONICIT 0,25MG-5ML FR/AMP IV-PALONOSETRONA
1565;FIBRASE 1U/666U/10MG/G-30G BG POM TOP-FIB/DIXOXIR/CLORANF
14546;VANNAIR 6/200MCG-120DOSES FR AER C/INAL-FORMOTEROL/BUDESONID
3376;TEICOPLANINA 400MG FR/AMP IV/IM
1708;NEURONTIN 400MG CAPS-GABAPENTINA
14908;ELIQUIS 5MG COMP REV-APIXABANA
3210;SERTRALINA 50MG COMP REV
337;TRACTOCILE 7,5MG/ML-0,9ML FR/AMP IV-ATOSIBANA
3116;RIVASTIGMINA 18MG/10CM2(9,5MG/24H) ADES TRANSD
2454;MONTELUCASTE 10MG COMP REV
14824;TOPERMA 5%(700MG) 10X14CM ADES TRANSD-LIDOCAINA
3604;VALSARTANA 80MG CAPS GEL 
3493;BOTOX 100U FR/AMP IM-TOXINA BOTULINICA
14807;FORFIG 100MG COMP REV-SILYBUM MARIANUM
2850;ACTOS 30MG COMP-PIOGLITAZONA
1651;ARIXTRA 2,5MG/0,5ML SER PREEN SC-FONDAPARINUX
2950;PRAVASTATINA 20MG COMP
48;ACIDO ACETILSALICILICO TAMPONADO 100MG COMP REV
2657;LOSEC MUPS 10MG CAPS GEL-OMEPRAZOL
109;ACIDO TRANEXAMICO 250MG COMP 
2093;LAMOTRIGINA 100MG COMP 
488;BISOPROLOL 2,5MG COMP
1733;GARAMICINA 120MG-1,5ML AMP IV-GENTAMICINA
1773;GLICERINA 1000ML FR
2641;OLMESARTANA/HIDROCLOROTIAZIDA 20/12,5MG COMP REV
1858;HIDRALAZINA 50MG COMP 
790;CICLOFOSFAMIDA 50MG COMP
1546;COMBIRON FOLICO COMP REV-FERROCARBONILA/ASSOCIACOES
2210;URO-VAXOM 6MG CAPS GEL-LISADO BACTERIANO ESCHERICHIA COLI
45;ZOVIRAX 50MG/G-10 BG CREM-ACICLOVIR
3199;SELEGILINA 5MG COMP 
1058;CONDROITINA/GLUCOSAMINA 500/400MG CAPS GEL
1330;DULOXETINA 60MG CAPS LIB PROL
338;TRACTOCILE 7,5MG/ML-5ML FR/AMP IV-ATOSIBANA
587;CAFEINA ANIDRA 10MG/ML-30ML FR(MANIPULADO)
1838;HEPARINA/NICOTINATO BENZILA 40G BG POM TOP
3254;JANUMET 50/500MG COMP REV-SITAGLIPTINA/METFORMINA
982;CLOROQUINA 250MG COMP(MANIPULADO)
18906;HUMIRA 40MG-0,8ML PEN-ADALIMUMABE
18860;VELIJA 30MG CAPS LIB PROL-DULOXETINA
17431;HUMIRA 40MG-0,8ML SER PREEN-ADALIMUMABE
19486;VIMPAT 200MG COMP REV-LACOSAMIDA
17529;FERINJECT 50MG/ML-10ML AMP-CARBOXIMALTOSE FERRICA
17066;EUTRAMIX 0,8-1000ML BOLSA SF-CLOR SODIO/POTASSIO/GLICOSE
17067;EUTRAMIX 0,6-1000ML BOLSA SF-CLOR SODIO/POTASSIO/GLICOSE
17068;EUTRAMIX 0,4-1000ML BOLSA SF-CLOR SODIO/POTASSIO/GLICOSE
16084;TRAYENTA DUO 2,5/1000MG COMP REV-LINAGLIPTINA/METFORMINA
16279;OPTIRAY 350MG/ML-100ML SER IV-IOVERSOL
16283;POSIFLUSH SERINGA C/ HEPARINA 300USP-3ML SER PREEN
16284;OXANDROLONA 10MG CAPS(MANIPULADO)
17452;ZYNVIR 250MG FR/AMP IV-ACICLOVIR
17453;DESTADIN 0,5MG/ML-100ML FR XPE-DESLORATADINA
19839;OMNISCAN(0,5MMOL) 287MG/ML-10ML FR/AMP IV-GADODIAMIDA
19732;BENLYSTA 120MG FR/AMP-BELIMUMABE
17656;MAGNESIO QUELADO 500MG CAPS(MANIPULADO)
11320;BACTRIM 80/16MG/ML-5ML AMP IV-SULFAMETOXAZOL/TRIMETOPRIMA
3700;FITOMENADIONA(VIT K) 10MG/ML-0,2ML AMP IM/IV/ORAL
16129;VASOPRIL PLUS 20/12,5MG COMP REV-ENALAPRIL/HIDROCLOR
17493;ACIDO HIALURONICO 1,2MG/ML(1%)-20ML FR SOL(MANIPULADO)
17494;COBALAMINA(VIT B12) 5000MCG-30ML FR(MANIPULADO)
11646;COREG 12,5MG COMP-CARVEDILOL
1019;CRONOBE 5000MCG-2,5ML AMP IM-COBALAMINA(VIT B12)
1800;GLICOSE 750MG/ML(75%)-10ML AMP IV
19646;FLANAX 550MG COMP REV-NAPROXENO
18969;NORVIR 100MG COMP REV-RITONAVIR
18974;RESTIVA 10MG ADES TRANSD TOP-BUPRENORFINA
602;MIACALCIC 100UI/ML-1ML SER IV-CALCITONINA
1423;ESPIRONOLACTONA 25MG COMP 
517;PARLODEL 2,5MG COMP-BROMOCRIPTINA
1307;DORZOLAMIDA 20MG/ML-5ML FR OFTAL 
1269;LISADOR 500/5/10MG COMP-DIPIRONA/PROMETAZ/ADIFENINA
2498;NAPROXENO 500MG COMP
17362;PANCREATINA/SIMETICONA 100/50MG CAPS(MANIPULADO)
16238;LUFTAL 75MG/ML-15ML FR GTS-SIMETICONA
826;CIPROFLOXACINO/DEXAMETASONA 3,5/1MG/ML-5ML FR OFTAL
19148;VIMPAT 100MG COMP REV-LACOSAMIDA
17013;BONAR 15UI-5ML FR/AMP-BLEOMICINA
3366;TAMOXIFENO 10MG COMP 
1713;OPTIMARK 330,9MG/ML-15ML SER IV-GADOVERSETAMIDA
17451;CILINON 500MG FR/AMP IV/IM-AMPICILINA SODICA
2821;PERMETRINA 50MG/ML(5%)-60ML FR TOP
784;CICLOBENZAPRINA 5MG COMP
17270;NEULASTIM 10MG/ML-0,6ML SER PREEN IV-PEGFILGRASTIM
2367;SELOZOK 25MG COMP LIB CONT-METOPROLOL SUCC
1126;DUO-DECADRON 8/2MG/ML-2ML FR/AMP IV-DEXAMET ACET/FOSF DIS
16236;VISTAGEL 20MG/ML-2,5ML-HIDROXIPROPILMETILCELULOSE FR OFTAL
17303;PARASIN 40MG/ML-10ML FR ORAL-ALBENDAZOL
